project,target,configuration,hash,code,status,start,end
b,test,,13954148669129770357,0,success,1722140423724,1722140424230
a,test,,16622883564587647006,0,success,1722140424231,1722140424716
b,test,,13954148669129770357,0,local-cache-kept-existing,1722140444818,1722140444835
a,test,,16622883564587647006,0,local-cache-kept-existing,1722140444836,1722140444837
b,test,,13954148669129770357,0,local-cache-kept-existing,1722140493107,1722140493124
a,test,,9282605807638302026,0,success,1722140493125,1722140493619
b,test,,2159535799783211297,0,success,1722140520426,1722140520928
a,test,,12487530812133053434,0,success,1722140520928,1722140521403
b,test,,2159535799783211297,0,local-cache-kept-existing,1722140530722,1722140530740
a,test,,12487530812133053434,0,local-cache-kept-existing,1722140530741,1722140530742
b,build,,13178964504247730100,0,success,1722140530722,1722140531144
a,build,,17362414036751751195,0,success,1722140531145,1722140531563
b,test,,2159535799783211297,0,local-cache-kept-existing,1722140536019,1722140536038
b,build,,13178964504247730100,0,local-cache-kept-existing,1722140536020,1722140536039
a,test,,12487530812133053434,0,local-cache-kept-existing,1722140536039,1722140536040
a,build,,17362414036751751195,0,local-cache-kept-existing,1722140536041,1722140536041
